{"cameraMode":{"drawMode":0,"name":"Shaded","section":"Shading Mode"},"sceneLighting":true,"audioPlay":false,"sceneViewState":{"showFog":true,"showMaterialUpdate":false,"showSkybox":true,"showFlares":true,"showImageEffects":true,"showParticleSystems":true},"in2DMode":false,"pivot":{"x":94.08155822753906,"y":54.69057846069336,"z":79.19558715820313},"rotation":{"x":-0.13727878034114839,"y":0.5787197947502136,"z":-0.09956102818250656,"w":-0.797740638256073},"size":10.27857494354248,"orthographic":false}