{"cameraMode":{"drawMode":0,"name":"Shaded","section":"Shading Mode"},"sceneLighting":true,"audioPlay":false,"sceneViewState":{"showFog":true,"showMaterialUpdate":false,"showSkybox":false,"showFlares":true,"showImageEffects":true,"showParticleSystems":true},"in2DMode":false,"pivot":{"x":1.9169148206710816,"y":200.1201629638672,"z":-0.6395893096923828},"rotation":{"x":-0.00010487915278645232,"y":-0.9995498061180115,"z":0.03299970552325249,"w":0.005104794632643461},"size":2.5746076107025148,"orthographic":false}