{"cameraMode":{"drawMode":0,"name":"Shaded","section":"Shading Mode"},"sceneLighting":true,"audioPlay":false,"sceneViewState":{"showFog":true,"showMaterialUpdate":false,"showSkybox":true,"showFlares":true,"showImageEffects":true,"showParticleSystems":true},"in2DMode":false,"pivot":{"x":0.5409713387489319,"y":2.923171043395996,"z":-8.370631217956543},"rotation":{"x":-0.0000015930224890325917,"y":-1.0000014305114747,"z":0.002999894553795457,"w":-0.00060168287018314},"size":9.729353904724121,"orthographic":false}