{"cameraMode":{"drawMode":0,"name":"Shaded","section":"Shading Mode"},"sceneLighting":false,"audioPlay":false,"sceneViewState":{"showFog":true,"showMaterialUpdate":false,"showSkybox":false,"showFlares":true,"showImageEffects":true,"showParticleSystems":true},"in2DMode":false,"pivot":{"x":250.0,"y":201.29449462890626,"z":749.1419677734375},"rotation":{"x":-0.08284289389848709,"y":-0.7214608192443848,"z":0.08765019476413727,"w":-0.6818838119506836},"size":1.4114006757736207,"orthographic":false}