{"cameraMode":{"drawMode":0,"name":"Shaded","section":"Shading Mode"},"sceneLighting":false,"audioPlay":false,"sceneViewState":{"showFog":true,"showMaterialUpdate":false,"showSkybox":false,"showFlares":true,"showImageEffects":true,"showParticleSystems":true},"in2DMode":false,"pivot":{"x":0.007414370775222778,"y":-0.3958111107349396,"z":0.49344658851623537},"rotation":{"x":0.3482103943824768,"y":0.14180228114128114,"z":-0.05337417498230934,"w":0.9250982999801636},"size":0.9793547987937927,"orthographic":false}