{"cameraMode":{"drawMode":0,"name":"Shaded","section":"Shading Mode"},"sceneLighting":true,"audioPlay":false,"sceneViewState":{"showFog":true,"showMaterialUpdate":false,"showSkybox":true,"showFlares":true,"showImageEffects":true,"showParticleSystems":true},"in2DMode":false,"pivot":{"x":235.80673217773438,"y":202.20443725585938,"z":690.0016479492188},"rotation":{"x":0.0015098105650395156,"y":-0.9979145526885986,"z":0.008315673097968102,"w":0.06773506850004196},"size":18.75701141357422,"orthographic":false}