{"cameraMode":{"drawMode":0,"name":"Shaded","section":"Shading Mode"},"sceneLighting":true,"audioPlay":false,"sceneViewState":{"showFog":true,"showMaterialUpdate":false,"showSkybox":true,"showFlares":true,"showImageEffects":true,"showParticleSystems":true},"in2DMode":false,"pivot":{"x":127.23102569580078,"y":95.2354736328125,"z":62.02299499511719},"rotation":{"x":0.24829638004302979,"y":0.3923952579498291,"z":-0.11088228225708008,"w":0.8786813020706177},"size":-33.887939453125,"orthographic":false}