{"cameraMode":{"drawMode":0,"name":"Shaded","section":"Shading Mode"},"sceneLighting":true,"audioPlay":false,"sceneViewState":{"showFog":true,"showMaterialUpdate":false,"showSkybox":true,"showFlares":true,"showImageEffects":true,"showParticleSystems":true},"in2DMode":false,"pivot":{"x":249.88201904296876,"y":200.55064392089845,"z":799.3311157226563},"rotation":{"x":0.1071619912981987,"y":-0.8507221341133118,"z":0.18836675584316255,"w":0.4793208837509155},"size":54.19792175292969,"orthographic":false}