{"cameraMode":{"drawMode":0,"name":"Shaded","section":"Shading Mode"},"sceneLighting":true,"audioPlay":false,"sceneViewState":{"showFog":true,"showMaterialUpdate":false,"showSkybox":true,"showFlares":true,"showImageEffects":true,"showParticleSystems":true},"in2DMode":false,"pivot":{"x":195.38645935058595,"y":99.73255157470703,"z":746.61865234375},"rotation":{"x":0.022620681673288347,"y":0.4956303834915161,"z":-0.013622763566672802,"w":0.8683347105979919},"size":38.75957107543945,"orthographic":false}