{"cameraMode":{"drawMode":0,"name":"Shaded","section":"Shading Mode"},"sceneLighting":true,"audioPlay":false,"sceneViewState":{"showFog":true,"showMaterialUpdate":false,"showSkybox":true,"showFlares":true,"showImageEffects":true,"showParticleSystems":true},"in2DMode":false,"pivot":{"x":0.09141063690185547,"y":-2.271963119506836,"z":-9.881017684936524},"rotation":{"x":0.02075427770614624,"y":-0.9640464186668396,"z":0.2528475224971771,"w":0.07913079857826233},"size":18.35140609741211,"orthographic":false}