{"cameraMode":{"drawMode":0,"name":"Shaded","section":"Shading Mode"},"sceneLighting":false,"audioPlay":false,"sceneViewState":{"showFog":true,"showMaterialUpdate":false,"showSkybox":false,"showFlares":true,"showImageEffects":true,"showParticleSystems":true},"in2DMode":false,"pivot":{"x":0.9289686679840088,"y":0.5686312317848206,"z":-0.29950714111328127},"rotation":{"x":0.007659542839974165,"y":-0.9906796813011169,"z":0.06551472097635269,"w":0.12007515132427216},"size":1.05656099319458,"orthographic":false}