{"cameraMode":{"drawMode":0,"name":"Shaded","section":"Shading Mode"},"sceneLighting":true,"audioPlay":false,"sceneViewState":{"showFog":true,"showMaterialUpdate":false,"showSkybox":true,"showFlares":true,"showImageEffects":true,"showParticleSystems":true},"in2DMode":false,"pivot":{"x":-55.766990661621097,"y":211.8977508544922,"z":56.01923751831055},"rotation":{"x":0.0027472451329231264,"y":-0.8900257349014282,"z":0.005334277171641588,"w":0.4559108316898346},"size":25.702232360839845,"orthographic":false}