{"cameraMode":{"drawMode":0,"name":"Shaded","section":"Shading Mode"},"sceneLighting":true,"audioPlay":false,"sceneViewState":{"showFog":true,"showMaterialUpdate":false,"showSkybox":true,"showFlares":true,"showImageEffects":true,"showParticleSystems":true},"in2DMode":false,"pivot":{"x":-7.939393997192383,"y":197.64761352539063,"z":-15.517751693725586},"rotation":{"x":0.011855272576212883,"y":-0.9785925149917603,"z":0.06031559407711029,"w":0.19696010649204255},"size":16.879358291625978,"orthographic":false}