{"cameraMode":{"drawMode":0,"name":"Shaded","section":"Shading Mode"},"sceneLighting":true,"audioPlay":false,"sceneViewState":{"showFog":true,"showMaterialUpdate":false,"showSkybox":true,"showFlares":true,"showImageEffects":true,"showParticleSystems":true},"in2DMode":false,"pivot":{"x":248.90377807617188,"y":200.8536834716797,"z":748.1547241210938},"rotation":{"x":0.009595519863069058,"y":0.9888790249824524,"z":-0.12918424606323243,"w":0.0737425908446312},"size":6.278675079345703,"orthographic":false}