{"cameraMode":{"drawMode":0,"name":"Shaded","section":"Shading Mode"},"sceneLighting":false,"audioPlay":false,"sceneViewState":{"showFog":true,"showMaterialUpdate":false,"showSkybox":false,"showFlares":true,"showImageEffects":true,"showParticleSystems":true},"in2DMode":false,"pivot":{"x":0.037484683096408847,"y":0.08163344860076904,"z":0.03630974143743515},"rotation":{"x":-0.04616541787981987,"y":0.8723532557487488,"z":-0.4794034957885742,"w":-0.08399157971143723},"size":0.02767479419708252,"orthographic":false}