{"cameraMode":{"drawMode":0,"name":"Shaded","section":"Shading Mode"},"sceneLighting":true,"audioPlay":false,"sceneViewState":{"showFog":true,"showMaterialUpdate":false,"showSkybox":true,"showFlares":true,"showImageEffects":true,"showParticleSystems":true},"in2DMode":false,"pivot":{"x":-2.4726901054382326,"y":-5.053675651550293,"z":-6.860546112060547},"rotation":{"x":0.06575214117765427,"y":-0.9298756122589111,"z":0.2983773648738861,"w":0.20491185784339906},"size":8.7514066696167,"orthographic":false}