{"cameraMode":{"drawMode":0,"name":"Shaded","section":"Shading Mode"},"sceneLighting":true,"audioPlay":false,"sceneViewState":{"showFog":true,"showMaterialUpdate":false,"showSkybox":true,"showFlares":true,"showImageEffects":true,"showParticleSystems":true},"in2DMode":false,"pivot":{"x":225.68211364746095,"y":373.5447082519531,"z":-1041.271728515625},"rotation":{"x":-0.08391746133565903,"y":0.6488301753997803,"z":-0.07231301814317703,"w":-0.7528713941574097},"size":174.48764038085938,"orthographic":false}