{"cameraMode":{"drawMode":0,"name":"Shaded","section":"Shading Mode"},"sceneLighting":true,"audioPlay":false,"sceneViewState":{"showFog":true,"showMaterialUpdate":false,"showSkybox":true,"showFlares":true,"showImageEffects":true,"showParticleSystems":true},"in2DMode":false,"pivot":{"x":100.54483795166016,"y":52.54119110107422,"z":69.81717681884766},"rotation":{"x":0.09961772710084915,"y":-0.5738599896430969,"z":0.07059162110090256,"w":0.8098073601722717},"size":27.2283935546875,"orthographic":false}