{"cameraMode":{"drawMode":0,"name":"Shaded","section":"Shading Mode"},"sceneLighting":false,"audioPlay":false,"sceneViewState":{"showFog":true,"showMaterialUpdate":false,"showSkybox":false,"showFlares":true,"showImageEffects":true,"showParticleSystems":true},"in2DMode":false,"pivot":{"x":0.8810000419616699,"y":0.0,"z":2.7829489707946779},"rotation":{"x":0.017511924728751184,"y":-0.8927502036094666,"z":0.03483699634671211,"w":0.4488895833492279},"size":1.3417202234268189,"orthographic":false}