{"cameraMode":{"drawMode":0,"name":"Shaded","section":"Shading Mode"},"sceneLighting":false,"audioPlay":false,"sceneViewState":{"showFog":true,"showMaterialUpdate":false,"showSkybox":false,"showFlares":true,"showImageEffects":true,"showParticleSystems":true},"in2DMode":false,"pivot":{"x":245.85211181640626,"y":217.6215057373047,"z":789.9407958984375},"rotation":{"x":0.04067917913198471,"y":0.9581674337387085,"z":-0.1813402622938156,"w":0.21851281821727754},"size":1.2247449159622193,"orthographic":false}