{"cameraMode":{"drawMode":0,"name":"Shaded","section":"Shading Mode"},"sceneLighting":false,"audioPlay":false,"sceneViewState":{"showFog":true,"showMaterialUpdate":false,"showSkybox":false,"showFlares":true,"showImageEffects":true,"showParticleSystems":true},"in2DMode":false,"pivot":{"x":27.73301887512207,"y":30.98114013671875,"z":-1.6679236888885499},"rotation":{"x":0.3711642622947693,"y":0.16035975515842439,"z":-0.06524232774972916,"w":0.9122860431671143},"size":44.5562744140625,"orthographic":false}