{"cameraMode":{"drawMode":0,"name":"Shaded","section":"Shading Mode"},"sceneLighting":true,"audioPlay":false,"sceneViewState":{"showFog":true,"showMaterialUpdate":false,"showSkybox":true,"showFlares":true,"showImageEffects":true,"showParticleSystems":true},"in2DMode":false,"pivot":{"x":2.077321767807007,"y":3.406583309173584,"z":6.1854705810546879},"rotation":{"x":0.030839474871754648,"y":-0.8762903809547424,"z":0.05659923702478409,"w":0.4774646461009979},"size":1.901299238204956,"orthographic":false}