{"cameraMode":{"drawMode":0,"name":"Shaded","section":"Shading Mode"},"sceneLighting":false,"audioPlay":false,"sceneViewState":{"showFog":true,"showMaterialUpdate":false,"showSkybox":false,"showFlares":true,"showImageEffects":true,"showParticleSystems":true},"in2DMode":false,"pivot":{"x":0.14594173431396485,"y":0.2550084590911865,"z":0.3284027576446533},"rotation":{"x":0.1816219538450241,"y":-0.7702879905700684,"z":0.2510005831718445,"w":0.5573892593383789},"size":2.545436143875122,"orthographic":false}