{"cameraMode":{"drawMode":0,"name":"Shaded","section":"Shading Mode"},"sceneLighting":true,"audioPlay":false,"sceneViewState":{"showFog":true,"showMaterialUpdate":false,"showSkybox":true,"showFlares":true,"showImageEffects":true,"showParticleSystems":true},"in2DMode":false,"pivot":{"x":292.8247375488281,"y":186.27786254882813,"z":692.6098022460938},"rotation":{"x":0.07175133377313614,"y":0.8943866491317749,"z":-0.15693895518779756,"w":0.41312316060066225},"size":47.75682067871094,"orthographic":false}