{"cameraMode":{"drawMode":0,"name":"Shaded","section":"Shading Mode"},"sceneLighting":true,"audioPlay":false,"sceneViewState":{"showFog":true,"showMaterialUpdate":false,"showSkybox":true,"showFlares":true,"showImageEffects":true,"showParticleSystems":true},"in2DMode":false,"pivot":{"x":103.86409759521485,"y":30.22539710998535,"z":117.8718032836914},"rotation":{"x":0.16653425991535188,"y":-0.5993391275405884,"z":0.1292480081319809,"w":0.7722402215003967},"size":38.49504089355469,"orthographic":false}