{"cameraMode":{"drawMode":0,"name":"Shaded","section":"Shading Mode"},"sceneLighting":false,"audioPlay":false,"sceneViewState":{"showFog":true,"showMaterialUpdate":false,"showSkybox":false,"showFlares":true,"showImageEffects":true,"showParticleSystems":true},"in2DMode":false,"pivot":{"x":-954.0073852539063,"y":207.67999267578126,"z":55.16999816894531},"rotation":{"x":-0.016835398972034456,"y":-0.9426597356796265,"z":0.04811821132898331,"w":-0.32985544204711916},"size":916.7238159179688,"orthographic":false}