{"cameraMode":{"drawMode":0,"name":"Shaded","section":"Shading Mode"},"sceneLighting":false,"audioPlay":false,"sceneViewState":{"showFog":true,"showMaterialUpdate":false,"showSkybox":false,"showFlares":true,"showImageEffects":true,"showParticleSystems":true},"in2DMode":false,"pivot":{"x":0.6681668758392334,"y":0.5502758026123047,"z":1.0155153274536133},"rotation":{"x":-0.011247211135923863,"y":0.8658566474914551,"z":-0.019485075026750566,"w":-0.4997882544994354},"size":1.5797646045684815,"orthographic":false}