{"cameraMode":{"drawMode":0,"name":"Shaded","section":"Shading Mode"},"sceneLighting":true,"audioPlay":false,"sceneViewState":{"showFog":true,"showMaterialUpdate":false,"showSkybox":false,"showFlares":true,"showImageEffects":true,"showParticleSystems":true},"in2DMode":false,"pivot":{"x":-36.0,"y":201.27784729003907,"z":48.63399887084961},"rotation":{"x":-0.001486589084379375,"y":0.9801400899887085,"z":0.007351148407906294,"w":0.1981743723154068},"size":3.2101244926452638,"orthographic":false}