{"cameraMode":{"drawMode":0,"name":"Shaded","section":"Shading Mode"},"sceneLighting":false,"audioPlay":false,"sceneViewState":{"showFog":true,"showMaterialUpdate":false,"showSkybox":false,"showFlares":true,"showImageEffects":true,"showParticleSystems":true},"in2DMode":false,"pivot":{"x":0.7235109806060791,"y":0.7935450673103333,"z":3.0326197147369386},"rotation":{"x":0.013303814455866814,"y":-0.9760479927062988,"z":0.20803788304328919,"w":0.0624539814889431},"size":0.7582797408103943,"orthographic":false}