{"cameraMode":{"drawMode":0,"name":"Shaded","section":"Shading Mode"},"sceneLighting":true,"audioPlay":false,"sceneViewState":{"showFog":true,"showMaterialUpdate":false,"showSkybox":true,"showFlares":true,"showImageEffects":true,"showParticleSystems":true},"in2DMode":false,"pivot":{"x":287.4837646484375,"y":105.73045349121094,"z":626.605712890625},"rotation":{"x":0.051305174827575687,"y":0.9485206007957459,"z":-0.23003463447093965,"w":0.212091863155365},"size":119.73957824707031,"orthographic":false}