{"cameraMode":{"drawMode":0,"name":"Shaded","section":"Shading Mode"},"sceneLighting":true,"audioPlay":false,"sceneViewState":{"showFog":true,"showMaterialUpdate":false,"showSkybox":true,"showFlares":true,"showImageEffects":true,"showParticleSystems":true},"in2DMode":false,"pivot":{"x":52.83673858642578,"y":313.9806213378906,"z":-365.6957702636719},"rotation":{"x":-0.07768237590789795,"y":0.8348507285118103,"z":-0.12244259566068649,"w":-0.5312579274177551},"size":-10.218379974365235,"orthographic":false}