{"cameraMode":{"drawMode":0,"name":"Shaded","section":"Shading Mode"},"sceneLighting":true,"audioPlay":false,"sceneViewState":{"showFog":true,"showMaterialUpdate":false,"showSkybox":true,"showFlares":true,"showImageEffects":true,"showParticleSystems":true},"in2DMode":false,"pivot":{"x":-45.66558074951172,"y":203.70489501953126,"z":55.349369049072269},"rotation":{"x":-0.0004903184017166495,"y":-0.9724000096321106,"z":0.23332953453063966,"w":-0.002042946871370077},"size":24.61753273010254,"orthographic":false}