{"cameraMode":{"drawMode":0,"name":"Shaded","section":"Shading Mode"},"sceneLighting":true,"audioPlay":false,"sceneViewState":{"showFog":true,"showMaterialUpdate":false,"showSkybox":true,"showFlares":true,"showImageEffects":true,"showParticleSystems":true},"in2DMode":false,"pivot":{"x":-0.7916205525398254,"y":170.92111206054688,"z":16.65093231201172},"rotation":{"x":0.24847286939620973,"y":3.69485121609614e-7,"z":9.829907554603779e-8,"w":0.9686406850814819},"size":45.63078689575195,"orthographic":false}