{"cameraMode":{"drawMode":0,"name":"Shaded","section":"Shading Mode"},"sceneLighting":true,"audioPlay":false,"sceneViewState":{"showFog":true,"showMaterialUpdate":false,"showSkybox":true,"showFlares":true,"showImageEffects":true,"showParticleSystems":true},"in2DMode":false,"pivot":{"x":-7.2714433670043949,"y":205.21697998046876,"z":-13.694633483886719},"rotation":{"x":-0.02299903891980648,"y":-0.09343273192644119,"z":0.0021597568411380054,"w":-0.995367705821991},"size":-9.917118072509766,"orthographic":false}