{"cameraMode":{"drawMode":0,"name":"Shaded","section":"Shading Mode"},"sceneLighting":true,"audioPlay":false,"sceneViewState":{"showFog":true,"showMaterialUpdate":false,"showSkybox":false,"showFlares":true,"showImageEffects":true,"showParticleSystems":true},"in2DMode":false,"pivot":{"x":790.9598388671875,"y":300.781494140625,"z":-1256.097412109375},"rotation":{"x":0.017098089680075647,"y":-0.9701105952262878,"z":0.2336360365152359,"w":0.0671042799949646},"size":1.4478144645690919,"orthographic":false}