{"cameraMode":{"drawMode":0,"name":"Shaded","section":"Shading Mode"},"sceneLighting":true,"audioPlay":false,"sceneViewState":{"showFog":true,"showMaterialUpdate":false,"showSkybox":true,"showFlares":true,"showImageEffects":true,"showParticleSystems":true},"in2DMode":false,"pivot":{"x":126.89678955078125,"y":-356.24005126953127,"z":87.8687744140625},"rotation":{"x":0.02484854683279991,"y":-0.9394049644470215,"z":0.3353458642959595,"w":0.06872808933258057},"size":500.67572021484377,"orthographic":false}