{"cameraMode":{"drawMode":0,"name":"Shaded","section":"Shading Mode"},"sceneLighting":true,"audioPlay":false,"sceneViewState":{"showFog":true,"showMaterialUpdate":false,"showSkybox":true,"showFlares":true,"showImageEffects":true,"showParticleSystems":true},"in2DMode":false,"pivot":{"x":294.6558837890625,"y":345.2828063964844,"z":-1097.5975341796875},"rotation":{"x":0.274556964635849,"y":0.6716155409812927,"z":-0.29703637957572939,"w":0.6208291053771973},"size":75.32008361816406,"orthographic":false}