{"cameraMode":{"drawMode":0,"name":"Shaded","section":"Shading Mode"},"sceneLighting":true,"audioPlay":false,"sceneViewState":{"showFog":true,"showMaterialUpdate":false,"showSkybox":true,"showFlares":true,"showImageEffects":true,"showParticleSystems":true},"in2DMode":false,"pivot":{"x":162.69833374023438,"y":73.86320495605469,"z":-83.65583801269531},"rotation":{"x":-0.11620364338159561,"y":-0.8574288487434387,"z":0.2212735265493393,"w":-0.44997766613960268},"size":144.8482666015625,"orthographic":false}