{"cameraMode":{"drawMode":0,"name":"Shaded","section":"Shading Mode"},"sceneLighting":true,"audioPlay":false,"sceneViewState":{"showFog":true,"showMaterialUpdate":false,"showSkybox":true,"showFlares":true,"showImageEffects":true,"showParticleSystems":true},"in2DMode":false,"pivot":{"x":243.34683227539063,"y":154.8412628173828,"z":672.6168212890625},"rotation":{"x":-0.06611552089452744,"y":-0.9317691922187805,"z":0.2830583453178406,"w":-0.2180677056312561},"size":85.02104187011719,"orthographic":false}