{"cameraMode":{"drawMode":0,"name":"Shaded","section":"Shading Mode"},"sceneLighting":true,"audioPlay":false,"sceneViewState":{"showFog":true,"showMaterialUpdate":false,"showSkybox":true,"showFlares":true,"showImageEffects":true,"showParticleSystems":true},"in2DMode":false,"pivot":{"x":52.29362106323242,"y":52.3375358581543,"z":52.467098236083987},"rotation":{"x":0.010447350330650807,"y":-0.6881338357925415,"z":0.009907613508403302,"w":0.725456178188324},"size":19.244766235351564,"orthographic":false}