{"cameraMode":{"drawMode":0,"name":"Shaded","section":"Shading Mode"},"sceneLighting":true,"audioPlay":false,"sceneViewState":{"showFog":true,"showMaterialUpdate":false,"showSkybox":true,"showFlares":true,"showImageEffects":true,"showParticleSystems":true},"in2DMode":false,"pivot":{"x":57.50202178955078,"y":62.958038330078128,"z":-5.022810935974121},"rotation":{"x":0.4040238857269287,"y":0.5362377166748047,"z":-0.3253842294216156,"w":0.6658369898796082},"size":0.3086596131324768,"orthographic":false}