{"cameraMode":{"drawMode":0,"name":"Shaded","section":"Shading Mode"},"sceneLighting":true,"audioPlay":false,"sceneViewState":{"showFog":true,"showMaterialUpdate":false,"showSkybox":true,"showFlares":true,"showImageEffects":true,"showParticleSystems":true},"in2DMode":false,"pivot":{"x":-8.598675727844239,"y":205.9561767578125,"z":58.95886993408203},"rotation":{"x":-0.0028057738672941925,"y":-0.9963808059692383,"z":0.03137532249093056,"w":-0.08027491718530655},"size":-22.938444137573243,"orthographic":false}