{"cameraMode":{"drawMode":0,"name":"Shaded","section":"Shading Mode"},"sceneLighting":true,"audioPlay":false,"sceneViewState":{"showFog":true,"showMaterialUpdate":false,"showSkybox":true,"showFlares":true,"showImageEffects":true,"showParticleSystems":true},"in2DMode":false,"pivot":{"x":-2.3608477115631105,"y":-2.3794682025909426,"z":-9.669157981872559},"rotation":{"x":0.02075427770614624,"y":-0.9640464186668396,"z":0.2528475224971771,"w":0.07913079857826233},"size":14.751410484313965,"orthographic":false}