{"cameraMode":{"drawMode":0,"name":"Shaded","section":"Shading Mode"},"sceneLighting":false,"audioPlay":false,"sceneViewState":{"showFog":true,"showMaterialUpdate":false,"showSkybox":false,"showFlares":true,"showImageEffects":true,"showParticleSystems":true},"in2DMode":false,"pivot":{"x":236.6134490966797,"y":200.8935089111328,"z":719.1580200195313},"rotation":{"x":-0.024595623835921289,"y":-0.9452335238456726,"z":0.07330527156591416,"w":-0.31713101267814639},"size":0.6106611490249634,"orthographic":false}