{"cameraMode":{"drawMode":0,"name":"Shaded","section":"Shading Mode"},"sceneLighting":true,"audioPlay":false,"sceneViewState":{"showFog":true,"showMaterialUpdate":false,"showSkybox":true,"showFlares":true,"showImageEffects":true,"showParticleSystems":true},"in2DMode":false,"pivot":{"x":187.15277099609376,"y":-555.9639892578125,"z":-349.97393798828127},"rotation":{"x":0.31202372908592226,"y":-0.2766355276107788,"z":0.09550587832927704,"w":0.9038901925086975},"size":704.89013671875,"orthographic":false}